Insight,Business Recommendation
Movies dominate Netflix content.,Maintain strong movie investment while expanding successful TV Shows.
Content additions peaked during expansion years.,Study peak years to identify successful acquisition strategies.
United States contributes the highest content volume.,Continue diversifying regional production.
India is a major regional contributor.,Increase multilingual and regional Indian originals.
TV-MA is the most frequent rating.,Balance adult and family-friendly content.
International content is a strategic priority.,Invest further in localized originals.
Movie durations cluster around a standard runtime.,Explore short-format content opportunities.
Long-duration titles are uncommon outliers.,Market long-running shows differently.
Metadata quality required cleaning.,Improve metadata collection processes.
Clean data enables reliable analytics.,Automate preprocessing before analytics.
